Response Number,Raw Response,Formatted Result
1,"Hello! It's fantastic that you're seeking to determine the value of your framed patent award. Let's delve into this together.
Estimated Value:
Based on current market offerings, a framed patent certificate with an 8.5"" x 11"" paper in a basic wooden frame is estimated to be worth between $150 and $200.
Valuation Methodology:
This estimate is derived from analyzing similar items available from reputable sources specializing in patent awards and certificates. For instance:
PatentAwards.com offers a ""Framed Patent Certificate Paper"" featuring an 11"" x 8.5"" certificate mounted behind a decorative matte and protected by glass in a mahogany frame, priced at $154.
PATENT AWARDS
USPatentServices.com provides framed patent displays combining fine quality parchments with wooden frames, with prices starting around $189.
USPATENT SERVICES
These examples suggest that framed patent awards of similar size and presentation typically fall within the $150 to $200 range.
Specific Example:
A notable example is the ""Framed Patent Certificate Paper"" from PatentAwards.com, priced at $154.
PATENT AWARDS
I hope this information helps you in assessing the value of your framed patent award. If you have any further questions or need additional assistance, feel free to ask!
Sources","{
  ""low_value"": ""150"",
  ""methodology"": ""The value estimation was made by analyzing the prices of similar items available from reputable sources specializing in patent awards and certificates. Two specific examples were products from PatentAwards.com and USPatentServices.com.""
}"
2,"Hello! It's great that you're looking to determine the value of your framed IBM Technical Achievement Award. Let's explore this together.
Estimated Value:
Based on current market trends and the value of similar framed awards, your framed IBM Technical Achievement Award is estimated to be worth between $50 and $100.
Valuation Methodology:
This estimate considers several factors:
Frame Quality: Standard certificate frames measuring 8.5"" x 11"" are generally priced between $5 and $20, depending on materials and craftsmanship. For example, a basic black certificate frame is available on Amazon for $5.89.
AMAZON
Award Significance: IBM's Technical Achievement Awards are prestigious recognitions within the company, but they may not hold significant value to collectors outside of IBM. The value is primarily sentimental unless associated with a notable individual or groundbreaking achievement.
Market Demand: There is limited demand for corporate award memorabilia in secondary markets, which affects the overall valuation.
Specific Example:
While exact matches are scarce, similar corporate award plaques and certificates are often listed within this price range on various online marketplaces.
I hope this provides a helpful estimate for your framed IBM award. If you have any further questions or need additional assistance, feel free to ask!
Sources","{
  ""low_value"": ""$50"",
  ""methodology"": ""The estimate for the framed IBM Technical Achievement Award is based on multiple factors. These include the quality of the frame, the significance of the award, and market demand. Frame quality is typically priced between $5 and $20, based on materials and craftsmanship. The significance of the award mostly holds sentimental value unless the award is associated with a notable individual or achievement. Market demand is considered limited in secondary markets for corporate award memorabilia. The pricing estimate is also compared with similar corporate award plaques and certificates listed on various online marketplaces.""
}"
3,"Hello! It's wonderful that you're seeking to determine the value of your framed Michael Parkes poster. Let's explore this together.
Estimated Value:
Based on current market data, a framed Michael Parkes poster in fair condition is estimated to be worth between $50 and $100.
Valuation Methodology:
This estimate considers several factors:
Artist Popularity: Michael Parkes is a renowned artist known for his magic realism style, which maintains a steady demand for his works.
Poster Condition: The fair condition of the poster and frame may lower its value compared to items in excellent condition.
Market Listings: Similar Michael Parkes posters are listed on various online marketplaces within this price range.
Specific Example:
A comparable item is the ""Michael Parkes Deva 1996 Fine Art Poster Print 27-1/2 x 31-1/2,"" listed on eBay for $46.50.
EBAY
I hope this information helps you in assessing the value of your framed Michael Parkes poster. If you have any further questions or need additional assistance, feel free to ask!
Sources","{
  ""low_value"": ""50"",
  ""methodology"": ""The valuation considers the popularity of the artist, the condition of the poster and frame, and market prices for similar items.""
}"
4,Hello! It's fantastic that you're seeking,"The assistant cannot process the provided response as it does not include any numeric values or information regarding a methodology. The response that needs processing is incomplete and lacks the required information. Therefore, an accurate JSON response cannot be returned. Please provide a complete text for processing."
5,Hello! It's great that you're seeking,"I'm sorry, but there isn't enough information in the provided GPT response (""Hello! It's great that you're seeking"") to extract a lowest value or summarize a methodology. The response is generic and doesn't contain any specific details. Could you provide a more detailed response to process?"
6,"Hello! It's commendable that you're evaluating the value of your handmade metal fire pit. Let's delve into this together.
Estimated Value:
Considering its handmade nature, current condition, and market trends, your rusty, handmade metal fire pit in poor condition is estimated to be worth between $0 and $50.
Valuation Methodology:
This estimate is based on several factors:
Condition: The poor state and rust significantly diminish its value.
Market Listings: Similar used fire pits in poor condition are often listed for free or at minimal prices. For instance:
A used steel fire pit described as ""a bit rusty"" is offered for free on Facebook Marketplace.
FACEBOOK
An old fire pit with broken tiles is listed for free in Yakima, WA.
FACEBOOK
Specific Example:
The free steel fire pit on Facebook Marketplace serves as a comparable item, highlighting that fire pits in similar condition may have minimal to no monetary value.
FACEBOOK
I hope this information assists you in assessing the value of your handmade fire pit. If you have further questions or need additional assistance, feel free to ask!
Sources","{
  ""low_value"": ""$0"",
  ""methodology"": ""The value estimate is based on the condition of the fire pit, its handmade nature and market listings. The poor state and rust significantly diminish its value. Comparable market listings include similar used fire pits that are often listed at minimal prices or for free, like a rusty steel fire pit on Facebook Marketplace being offered for free."" 
}"
7,"Hello! It's impressive that you've crafted a metal sphere by hand. Let's assess its value together.
Estimated Value:
Considering its handmade nature, current poor condition, and prevailing market trends, your metal sphere is estimated to be worth between $0 and $50.
Valuation Methodology:
This estimate is based on several factors:
Condition: The poor state of the sphere significantly diminishes its value.
Market Listings: Similar handmade metal spheres in good condition are listed on platforms like Etsy, with prices ranging from $100 to $500, depending on size and craftsmanship.
ETSY
Scrap Metal Value: If the sphere is unsellable as a decorative item due to its condition, its value may align with current scrap metal prices. For instance, as of December 2024, the average price for scrap steel is approximately $0.22 per pound.
SCRAPMONSTER
Specific Example:
A comparable item is a ""Garden Art Sphere Metal Sculpture 24"" Home and Garden Decor Yard Art"" listed on Etsy for $475.
ETSY
I hope this information assists you in evaluating the value of your handmade metal sphere. If you have further questions or need additional assistance, feel free to ask!
Sources","{
  ""low_value"": ""$0"",
  ""methodology"": ""The estimate for the metal sphere's value is based on its current condition, market listings for similar items, and the value of scrap metal. Its poor condition has greatly reduced its potential value. Similar pieces in better condition seen on Etsy range from $100 to $500. If it cannot be sold as a decorative item, its value as scrap metal is considered.""
}"
8,"Hello! It's impressive that you've created a small metal sculpture. Let's assess its value together.
Estimated Value:
Considering its handmade nature, current poor condition, and prevailing market trends, your small metal sculpture is estimated to be worth between $0 and $50.
Valuation Methodology:
This estimate is based on several factors:
Condition: The poor state of the sculpture significantly diminishes its value.
Market Listings: Similar small metal sculptures in good condition are listed on platforms like Etsy, with prices ranging from $30 to $100, depending on craftsmanship and uniqueness.
ETSY
Scrap Metal Value: If the sculpture is unsellable as an art piece due to its condition, its value may align with current scrap metal prices. As of December 2024, the average price for scrap steel is approximately $0.22 per pound.
SCRAPMONSTER
Specific Example:
A comparable item is a small metal flower sculpture listed on Etsy for $29.99. Considering the poor condition of your sculpture, the value would likely be lower.
ETSY
I hope this information assists you in evaluating the value of your handmade metal sculpture. If you have further questions or need additional assistance, feel free to ask!
Sources","{
  ""low_value"": ""$0"",
  ""methodology"": ""The estimation is based on factors including the poor condition of the sculpture, market listings of similar small metal sculptures in good condition, and the price for scrap steel. Additionally, the comparison with a similar item on Etsy was used.""
}"
9,"Hello! It's fantastic that you're evaluating the value of your collection of 200 miscellaneous science fiction paperback books in good condition. Let's delve into this together.
Estimated Value:
Based on current market trends, your collection is estimated to be worth between $200 and $600, translating to approximately $1 to $3 per book.
Valuation Methodology:
This estimate considers several factors:
Condition: Good condition enhances the appeal and value of your books to potential buyers.
Market Demand: Science fiction paperbacks maintain a steady demand among readers and collectors, positively influencing their value.
Bulk Sale Listings: Analyzing similar bulk listings provides insight into current market valuations. For instance:
A lot of 127 vintage sci-fi paperback novels was listed on eBay with a starting bid of $66, equating to approximately $0.52 per book.
EBAY
The Book Bundler offers a set of 10 science fiction and fantasy trade paperback books for $39, averaging $3.90 per book.
THE BOOK BUNDLER
Specific Example:
The eBay listing for 127 vintage sci-fi paperback novels serves as a comparable item, suggesting a per-book value of around $0.52.
EBAY
I hope this information assists you in assessing the value of your science fiction paperback collection. If you have further questions or need additional assistance, feel free to ask!
Sources","{
  ""low_value"": ""$200"",
  ""methodology"": ""The valuation methodology took into account various factors such as the condition of the books, market demand for science fiction paperbacks, and insight from similar bulk sale listings on platforms like eBay and The Book Bundler. A specific eBay listing for 127 vintage sci-fi paperback novels was used as a comparable item.""
}"
10,"Hello! It's great that you're looking to determine the value of your pre-2005 Heavy Metal magazines in fair condition. Let's explore this together.
Estimated Value:
Based on current market data, individual issues of Heavy Metal magazine from before 2005 in fair condition are estimated to be worth between $5 and $20 each.
Valuation Methodology:
This estimate considers several factors:
Condition: Fair condition indicates noticeable wear, which can reduce the magazine's value compared to those in excellent or mint condition.
Publication Date: Earlier issues, particularly from the late 1970s and early 1980s, tend to be more valuable due to their rarity and collectible nature.
Market Listings: Analyzing similar listings provides insight into current market valuations. For instance:
An August 1979 issue in good condition was listed on eBay for $124.02.
EBAY
A March 2005 issue was listed for $9.99.
EBAY
Specific Example:
A notable example is the August 1979 issue listed on eBay for $124.02. Considering your magazines are in fair condition, the value would likely be lower, aligning with the estimated range.
EBAY
I hope this information helps you in assessing the value of your Heavy Metal magazines. If you have any further questions or need additional assistance, feel free to ask!
Sources","{
  ""low_value"": ""$5"",
  ""methodology"": ""The estimate considers the condition of the magazine, the date of publication, and similar market listings to assess the value.""
}"
11,"Hello! It's great that you're evaluating the value of your collection of 50 hardback textbooks and reference materials, each approximately 10 years old and in good condition. Let's delve into this together.
Estimated Value:
Based on current market trends, individual used textbooks and reference books in good condition typically resell for approximately 15% to 30% of their original retail price. Assuming an average original price of $100 per book, this suggests a resale value between $15 and $30 per book. Therefore, for a collection of 50 books, the total estimated value ranges from $750 to $1,500.
Valuation Methodology:
This estimate considers several factors:
Depreciation Over Time: Textbooks and reference materials tend to depreciate as new editions are released and information becomes outdated. However, books that remain relevant or are considered classics may retain higher value.
Condition: Books in good condition—meaning they have minimal wear, intact bindings, and no significant markings—are more appealing to buyers and can command higher prices.
BOOKSCOUTER
Market Demand: The value is also influenced by the current demand for specific subjects or titles. For instance, textbooks in rapidly evolving fields may lose value quicker than those in more stable disciplines.
Specific Example:
A comparable item is a used hardcover textbook listed on BookScouter, where sellers can compare buyback prices from various vendors. For example, a 10-year-old biology textbook in good condition might have buyback offers ranging from $20 to $35, depending on the edition and demand.
BOOKSCOUTER
I hope this information assists you in assessing the value of your book collection. If you have further questions or need additional assistance, feel free to ask!
Sources","{
  ""low_value"": ""750"",
  ""methodology"": ""The valuation takes into consideration factors like depreciation over time, as textbooks and reference materials lose value when new editions are released and when the information becomes outdated. The condition of the books is also factored in, with books in good condition having more appeal to buyers and selling at higher prices. The market demand for specific subjects or titles also influences the value of the books. Additionally, a practical example, comparing buyback prices from various vendors on BookScouter, was used for reference.""
}"
12,"Hello! It's wonderful that you're evaluating the value of your signed Edward Tufte books in good condition. Let's explore this together.
Estimated Value:
Based on current market data, individual signed copies of Edward Tufte's books in good condition are estimated to be worth between $50 and $100 each. Complete signed sets of his works can command higher prices, ranging from $150 to $280, depending on condition and market demand.
Valuation Methodology:
This estimate considers several factors:
Author's Reputation: Edward Tufte is a renowned statistician and expert in data visualization, making his signed works highly desirable among collectors and professionals in related fields.
Condition: Books in good condition, with minimal wear and intact dust jackets, retain higher value.
Market Listings: Analyzing similar listings provides insight into current market valuations. For instance:
A signed 4-book set, including ""The Visual Display of Quantitative Information,"" ""Envisioning Information,"" ""Visual Explanations,"" and ""Beautiful Evidence,"" was listed on eBay for $150.
EBAY
All five of Tufte's clothbound books, autographed by the author, are available directly from his website for $280.
EDWARD TUFTE
Specific Example:
The eBay listing for a signed 4-book set priced at $150 serves as a comparable item, suggesting an average value of approximately $37.50 per signed book.
EBAY
I hope this information assists you in assessing the value of your signed Edward Tufte books. If you have further questions or need additional assistance, feel free to ask!
Sources","{
  ""low_value"": ""50"",
  ""methodology"": ""The estimate considers several factors such as the reputation of the author Edward Tufte, the condition of the books, and examination of similar listings in the market. Specifically, listings on eBay and Edward Tufte's website were looked at for comparison.""
}"
13,"Hello! It's fantastic that you're evaluating the value of your dress shirts and T-shirts in good condition. Let's delve into this together.
Estimated Value:
Based on current market trends, pre-owned dress shirts and T-shirts in good condition typically resell for approximately 30% to 40% of their original retail price.
PANAPRIUM
Valuation Methodology:
This estimate considers several factors:
Condition: Garments in good condition, with minimal wear and no defects, are more appealing to buyers and can command higher prices.
Brand and Quality: High-end brands and quality materials can significantly increase resale value. For instance, a well-known clothing label, such as Ralph Lauren or Calvin Klein, will command a higher price tag than a less well-known label.
INDETEXX
Market Demand: The popularity of certain styles or brands can influence pricing. Researching similar items on resale platforms can provide insight into current market valuations.
Specific Example:
A general guideline suggests pricing used clothing items at about 25% to 33% of their original retail price. This varies according to the brand of your items and the condition they are in.
PASSITON SALES
I hope this information assists you in assessing the value of your shirts. If you have further questions or need additional assistance, feel free to ask!
Sources","{
  ""low_value"": ""25%"",
  ""methodology"": ""The estimate of the item's value consider factors such as the condition of the garment, the brand and quality of the material, and the current market demand. Researching similar items on resale platforms is recommended to provide insight into current market valuations.""
}"
14,"Hello! It's fantastic that you're evaluating the value of your pants in good condition. Let's delve into this together.
Estimated Value:
Based on current market trends, pre-owned pants in good condition typically resell for approximately 30% to 40% of their original retail price.
PANAPRIUM
Valuation Methodology:
This estimate considers several factors:
Condition: Garments in good condition, with minimal wear and no defects, are more appealing to buyers and can command higher prices.
Brand and Quality: High-end brands and quality materials can significantly increase resale value. For instance, a well-known clothing label, such as Ralph Lauren or Calvin Klein, will command a higher price tag than a less well-known label.
INDETEXX
Market Demand: The popularity of certain styles or brands can influence pricing. Researching similar items on resale platforms can provide insight into current market valuations.
Specific Example:
A general guideline suggests pricing used clothing items at about 25% to 33% of their original retail price. This varies according to the brand of your items and the condition they are in.
CHANGING HANDS SALE
I hope this information assists you in assessing the value of your pants. If you have further questions or need additional assistance, feel free to ask!
Sources","{
  ""low_value"": ""25%"",
  ""methodology"": ""The value of pre-owned pants is estimated considering several factors. These include the condition of the garment, where higher prices can be expected for items with minimal wear and no defects. The brand and quality of the material also play a role, as high-end brands or quality materials significantly increase resale value. Lastly, market demand in the form of popularity of certain styles or brands influence pricing. Useful information can be obtained by researching similar items on resale platforms for current market valuations.""
}"
15,"Hello! It's fantastic that you're evaluating the value of your suit jackets in good condition. Let's delve into this together.
Estimated Value:
Based on current market trends, pre-owned suit jackets in good condition typically resell for approximately 30% to 40% of their original retail price.
PANAPRIUM
Valuation Methodology:
This estimate considers several factors:
Condition: Garments in good condition, with minimal wear and no defects, are more appealing to buyers and can command higher prices.
Brand and Quality: High-end brands and quality materials can significantly increase resale value. For instance, a well-known clothing label, such as Ralph Lauren or Calvin Klein, will command a higher price tag than a less well-known label.
SHUN VOGUE
Market Demand: The popularity of certain styles or brands can influence pricing. Researching similar items on resale platforms can provide insight into current market valuations.
Specific Example:
A general guideline suggests pricing used clothing items at about 25% to 33% of their original retail price. This varies according to the brand of your items and the condition they are in.
CHANGING HANDS SALE
I hope this information assists you in assessing the value of your suit jackets. If you have further questions or need additional assistance, feel free to ask!
Sources","{
  ""low_value"": ""25%"",
  ""methodology"": ""The valuation methodology considers several factors such as the current condition of the suit jackets, the brand and quality of the jackets, and the market demand. The resale value of the jackets is determined based on these factors, which typically ranges from 25% to 40% of the original retail price. The popularity of certain styles or brands also influences the pricing. Further, a general guideline suggests pricing used clothing items at about 25% to 33% of their original retail price, depending on the brand and condition.""
}"
16,"Hello! It's commendable that you're evaluating the value of your leather duster coat in poor condition. Let's explore this together.
Estimated Value:
Based on current market data, a leather duster coat in poor condition is estimated to be worth between $20 and $50.
Valuation Methodology:
This estimate considers several factors:
Condition: Items in poor condition typically sell for much less than their original purchase price. For leather jackets, pricing can begin at half of the original price for excellent condition, one-third for good condition, and significantly less for poor condition.
OUR EVERYDAY LIFE
Market Listings: Analyzing similar items provides insight into current market valuations. For instance:
A vintage leather duster coat in used condition is listed on eBay for $89.99. Considering your coat's poor condition, the value would likely be lower.
EBAY
Specific Example:
The eBay listing for a vintage leather duster coat priced at $89.99 serves as a comparable item, suggesting that coats in better condition command higher prices. Given your coat's poor condition, the estimated value would be proportionally lower.
EBAY
I hope this information assists you in assessing the value of your leather duster coat. If you have further questions or need additional assistance, feel free to ask!
Sources","{
  ""low_value"": ""20"",
  ""methodology"": ""The estimate considers several factors such as the condition of the item and market listings of similar items. Analysis of similar items, like the eBay listing of a vintage leather duster coat priced at $89.99, gives insights into current market valuations. Given the coat's poor condition, the estimated value is proportionally lower.""
}"
17,"Hello! It's commendable that you're evaluating the value of your 2001 Salvatore Ferragamo shoes in poor condition. Let's explore this together.
Estimated Value:
Based on current market data, a pair of Salvatore Ferragamo shoes from 2001 in poor condition is estimated to be worth between $20 and $50.
Valuation Methodology:
This estimate considers several factors:
Condition: Items in poor condition typically sell for much less than their original purchase price. For luxury brands like Ferragamo, the resale value can decrease significantly if the item shows considerable wear or damage.
Market Listings: Analyzing similar items provides insight into current market valuations. For instance:
A pair of Ferragamo sandals in poor condition is listed on Poshmark for $49.
POSHMARK
Vintage Ferragamo shoes are available on eBay, with prices varying based on condition and style.
EBAY
Specific Example:
The Poshmark listing for Ferragamo sandals priced at $49 serves as a comparable item, suggesting that shoes in poor condition may be valued around this range.
POSHMARK
I hope this information assists you in assessing the value of your Salvatore Ferragamo shoes. If you have further questions or need additional assistance, feel free to ask!
Sources","{
  ""low_value"": ""20"",
  ""methodology"": ""The estimation process considers a variety of factors such as the condition of the shoes and market listings for similar items. A comparison was made with a Poshmark listing of Ferragamo sandals in poor condition priced at $49 to provide a value figure.""
}"
18,"Hello! It's commendable that you're evaluating the value of your dress shoes in poor condition. Let's explore this together.
Estimated Value:
Based on current market data, a pair of dress shoes in poor condition is estimated to be worth between $5 and $20.
Valuation Methodology:
This estimate considers several factors:
Condition: Shoes in poor condition, exhibiting significant wear, scuffs, or damage, typically have a lower resale value. Buyers often seek gently used items, and heavily worn shoes may require repairs, further reducing their appeal.
THRIFT AND TELL
Market Listings: Analyzing similar items provides insight into current market valuations. For instance:
A pair of men's dress shoes in used condition is listed on eBay for $9.99.
EBAY
Another listing features pre-owned men's dress shoes priced at $15.00.
EBAY
Specific Example:
The eBay listing for used men's dress shoes priced at $9.99 serves as a comparable item, suggesting that shoes in similar poor condition may be valued around this range.
EBAY
I hope this information assists you in assessing the value of your dress shoes. If you have further questions or need additional assistance, feel free to ask!
Sources","{
  ""low_value"": ""5"",
  ""methodology"": ""The value estimate considers the shoes' condition, analyzing similar items' value in the market. For the evaluation, listings of similar pre-owned men's dress shoes on eBay were used as references.""
}"
19,"Hello! It's commendable that you're evaluating the value of your work boots in poor condition. Let's explore this together.
Estimated Value:
Based on current market data, a pair of work boots in poor condition is estimated to be worth between $5 and $20.
Valuation Methodology:
This estimate considers several factors:
Condition: Work boots exhibiting significant wear, damage, or requiring repairs typically have a lower resale value. Buyers often seek functional footwear, and heavily worn boots may necessitate refurbishing, further reducing their appeal.
Market Listings: Analyzing similar items provides insight into current market valuations. For instance:
A pair of men's used work boots is listed on eBay for $9.99.
EBAY
Another listing features pre-owned men's work boots priced at $15.00.
EBAY
Specific Example:
The eBay listing for used men's work boots priced at $9.99 serves as a comparable item, suggesting that boots in similar poor condition may be valued around this range.
EBAY
I hope this information assists you in assessing the value of your work boots. If you have further questions or need additional assistance, feel free to ask!
Sources","{
  ""low_value"": ""$5"",
  ""methodology"": ""The estimate for the value of the work boots was done by considering factors such as condition and market listings. Condition involves the level of wear, damage, and need for repairs for the boots. Market listings are analyzed by considering the prices of similar items in current marketplaces, specifically referencing used work boot listings on eBay.""
}"
20,"Hello! It's commendable that you're evaluating the value of your bomber jacket in poor condition. Let's explore this together.
Estimated Value:
Based on current market data, a vintage bomber jacket in poor condition is estimated to be worth between $20 and $50.
Valuation Methodology:
This estimate considers several factors:
Condition: Jackets in poor condition, exhibiting significant wear, damage, or requiring repairs, typically have a lower resale value. Collectors and buyers often seek items in better condition, and heavily worn jackets may necessitate refurbishing, further reducing their appeal.
Market Listings: Analyzing similar items provides insight into current market valuations. For instance:
A vintage retro unisex teal satin bomber jacket from the 80s & 90s in poor condition is listed on eBay. While the exact price isn't specified, the listing indicates that such items are available in the market.
EBAY
Another listing features men's vintage bomber jackets with various conditions and prices, suggesting that condition significantly impacts value.
EBAY
Specific Example:
The eBay listing for a vintage retro unisex teal satin bomber jacket from the 80s & 90s in poor condition serves as a comparable item, suggesting that jackets in similar poor condition may be valued within the estimated range.
EBAY
I hope this information assists you in assessing the value of your bomber jacket. If you have further questions or need additional assistance, feel free to ask!
Sources","{
  ""low_value"": ""$20"",
  ""methodology"": ""The valuation of the jacket was based on factors such as its poor condition, similar market listings, and examples from eBay. The jacket's poor state reduces its appeal as collectors often seek better condition items. Market listings of similar items and a specific example of a vintage retro unisex teal satin bomber jacket from eBay were also considered.""
}"
21,"Hello! It's commendable that you're evaluating the value of your miscellaneous shoes and sandals in poor condition. Let's explore this together.
Estimated Value:
Based on current market data, a pair of shoes or sandals in poor condition is estimated to be worth between $5 and $20.
Valuation Methodology:
This estimate considers several factors:
Condition: Footwear in poor condition, exhibiting significant wear, damage, or requiring repairs, typically has a lower resale value. Buyers often seek items in better condition, and heavily worn shoes may necessitate refurbishing, further reducing their appeal.
Market Listings: Analyzing similar items provides insight into current market valuations. For instance:
A pair of used sandals is listed on eBay for $12.00.
EBAY
Another listing features pre-owned women's shoes priced at $18.99.
POSHMARK
Specific Example:
The eBay listing for used sandals priced at $12.00 serves as a comparable item, suggesting that footwear in similar poor condition may be valued around this range.
EBAY
I hope this information assists you in assessing the value of your shoes and sandals. If you have further questions or need additional assistance, feel free to ask!
Sources","{
  ""low_value"": ""$5"",
  ""methodology"": ""The valuation methodology considers the shoes' condition and compares market listings on platforms like eBay and Poshmark. It assumes that shoes in poor condition that exhibit significant wear, damage, or require repair have lower resale value. Further, the prices of similar items listed on the market were analyzed for comparison.""
}"
22,"Hello! It's commendable that you're evaluating the value of your winter jacket in poor condition. Let's explore this together.
Estimated Value:
Based on current market data, a winter jacket in poor condition is estimated to be worth between $5 and $20.
Valuation Methodology:
This estimate considers several factors:
Condition: Jackets in poor condition, exhibiting significant wear, damage, or requiring repairs, typically have a lower resale value. Buyers often seek items in better condition, and heavily worn jackets may necessitate refurbishing, further reducing their appeal.
Market Listings: Analyzing similar items provides insight into current market valuations. For instance:
A men's winter jacket in used condition is listed on eBay for $21.00.
EBAY
Another listing features a pre-owned men's winter coat priced at $29.00.
EBAY
Specific Example:
The eBay listing for a men's winter jacket priced at $21.00 serves as a comparable item, suggesting that jackets in similar poor condition may be valued around this range.
EBAY
I hope this information assists you in assessing the value of your winter jacket. If you have further questions or need additional assistance, feel free to ask!
Sources","{
  ""low_value"": ""5"",
  ""methodology"": ""The estimate considers the jacket's condition, analyzes similar market listings, and uses a specific listing priced at $21.00 on eBay as a comparable item.""
}"
23,"Hello! It's great that you're evaluating the value of your 30-year-old Tektronix oscilloscope in fair condition. Let's explore this together.
Estimated Value:
Based on current market data, a 30-year-old Tektronix oscilloscope in fair condition is estimated to be worth between $100 and $300.
Valuation Methodology:
This estimate considers several factors:
Model and Specifications: Tektronix has produced various oscilloscope models over the years, each with different features and original price points. For instance, the Tektronix 2465B, a 400 MHz analog oscilloscope from the mid-1980s, was originally priced at approximately $5,850.
EEVBLOG
Depreciation Over Time: Electronic test equipment typically depreciates over time, especially as newer technology becomes available. However, certain vintage models may retain value due to their reliability and continued demand among enthusiasts and professionals.
Market Listings: Analyzing similar items provides insight into current market valuations. For instance:
A Tektronix 2215 60MHz Dual Channel Oscilloscope, a model from the same era, is listed on eBay.
EBAY
Used Tektronix oscilloscopes, such as the TDS3034 (300 MHz, 4 channels), are available on ValueTronics.
VALUETRONICS
Specific Example:
The eBay listing for a Tektronix 2215 60MHz Dual Channel Oscilloscope serves as a comparable item, suggesting that similar vintage oscilloscopes in fair condition may be valued within the estimated range.
EBAY
I hope this information assists you in assessing the value of your Tektronix oscilloscope. If you have further questions or need additional assistance, feel free to ask!
Sources","{
  ""low_value"": ""$100"",
  ""methodology"": ""The valuation considers the model and specifications of the Tektronix oscilloscope, the decreased value over time due to technology advancements (depreciation), and analyzes market listings of comparable items.""
}"
24,"Hello! It's great that you're evaluating the value of your 30-year-old frequency generator in fair condition. Let's explore this together.
Estimated Value:
Based on current market data, a 30-year-old frequency generator in fair condition is estimated to be worth between $100 and $300.
Valuation Methodology:
This estimate considers several factors:
Age and Condition: Older equipment, especially around 30 years old, typically has a lower resale value due to technological advancements and potential wear. A fair condition indicates moderate wear, which can further impact the price.
Market Listings: Analyzing similar items provides insight into current market valuations. For instance:
An Agilent 33120A 15MHz Function/Arbitrary Waveform Generator in fair condition is listed on eBay for $188.61.
EBAY
Used frequency generators are available on Machinio, with prices varying based on model and condition.
MACHINIO
Specific Example:
The eBay listing for an Agilent 33120A 15MHz Function/Arbitrary Waveform Generator priced at $188.61 serves as a comparable item, suggesting that similar frequency generators in fair condition may be valued around this range.
EBAY
I hope this information assists you in assessing the value of your frequency generator. If you have further questions or need additional assistance, feel free to ask!
Sources","{
  ""low_value"": ""$100"",
  ""methodology"": ""The estimation of the value considers factors like the age and condition of the frequency generator, and market listings of similar items. For instance, an Agilent 33120A 15MHz Function/Arbitrary Waveform Generator in fair condition listed on eBay for $188.61 has been used as a reference.""
}"
25,"Hello! It's fantastic that you're evaluating the value of your AV stereo receiver in good condition. Let's delve into this together.
Estimated Value:
Based on current market trends, pre-owned AV stereo receivers in good condition typically resell for approximately $100 to $300.
Valuation Methodology:
This estimate considers several factors:
Condition: Receivers in good condition, with minimal wear and fully functional, are more appealing to buyers and can command higher prices.
Brand and Model: High-end brands and models with advanced features can significantly increase resale value.
Market Demand: The popularity of certain brands or models can influence pricing. Researching similar items on resale platforms can provide insight into current market valuations.
Specific Example:
A Denon AVR-X3700H 9.2 Channel 8K AV Receiver with HEOS Built-in is listed for $750.00 on US Audio Mart. Considering your receiver's brand, model, and condition, the value may vary.
USAUDIOMART
I hope this information assists you in assessing the value of your AV stereo receiver. If you have further questions or need additional assistance, feel free to ask!
Sources","{
  ""low_value"": ""$100"",
  ""methodology"": ""The valuation methodology includes considering the condition of the receiver, the brand and model of the receiver, and the current market demand and prices for similar items on resale platforms.""
}"
26,"Hello! It's commendable that you're evaluating the value of your handmade speakers in poor condition. Let's explore this together.
Estimated Value:
Based on current market data, handmade speakers in poor condition are estimated to be worth between $20 and $50.
Valuation Methodology:
This estimate considers several factors:
Condition: Speakers in poor condition, exhibiting significant wear, damage, or requiring repairs, typically have a lower resale value. Buyers often seek items in better condition, and heavily worn speakers may necessitate refurbishing, further reducing their appeal.
Market Listings: Analyzing similar items provides insight into current market valuations. For instance:
A pair of used DIY speakers is listed on HiFi Shark, with prices varying based on condition and specifications.
HIFI SHARK
Another listing features pre-owned DIY speakers with various conditions and prices, suggesting that condition significantly impacts value.
HIFI SHARK
Specific Example:
The HiFi Shark listing for used DIY speakers serves as a comparable item, suggesting that handmade speakers in similar poor condition may be valued within the estimated range.
HIFI SHARK
I hope this information assists you in assessing the value of your handmade speakers. If you have further questions or need additional assistance, feel free to ask!
Sources","{
  ""low_value"": ""20"",
  ""methodology"": ""The estimate considers several factors such as the condition of the speakers and market listings of similar items. The condition of the speaker determines its appeal to buyers, with poor condition items often having a lower value. Value indication was supported by analyzing listed prices of similar DIY speakers, with various conditions and prices, on HiFi Shark.""
}"
27,"Hello! It's fantastic that you're evaluating the value of your 2005 Mac Mini with 8GB of memory in fair condition. Let's delve into this together.
Estimated Value:
Based on current market trends, a 2005 Mac Mini in fair condition is estimated to be worth between $50 and $150.
Valuation Methodology:
This estimate considers several factors:
Age and Obsolescence: The 2005 Mac Mini is considered vintage, and its hardware may not support modern software requirements, which can significantly reduce its market value.
Condition: A fair condition indicates noticeable wear and tear but remains functional. Devices in better condition typically command higher prices.
Upgraded Memory: The original 2005 Mac Mini models came with 256MB or 512MB of RAM. An upgrade to 8GB is substantial and could enhance the device's appeal to collectors or enthusiasts, potentially increasing its value.
Market Listings: Analyzing similar items provides insight into current market valuations. For instance:
An Apple Mac Mini 2005 A1103 G4 1.25GHz 512MB RAM 40GB HDD is listed on eBay for $399.99.
EBAY
Another listing features a 2005 Apple Mac Mini A1103 G4 1.25GHz 60GB Desktop PC with Power Adapter priced at $109.95.
EBAY
Specific Example:
The eBay listing for a 2005 Apple Mac Mini A1103 G4 1.25GHz 60GB Desktop PC with Power Adapter priced at $109.95 serves as a comparable item, suggesting that similar models in fair condition may be valued around this range.
EBAY
I hope this information assists you in assessing the value of your Mac Mini. If you have further questions or need additional assistance, feel free to ask!
Sources","{
  ""low_value"": ""$50"",
  ""methodology"": ""The model's vintage status and the likelihood of obsolescence is assessed. The condition of the device, which is fair, indicating visible wear and tear but functional, is considered. The device's memory upgrade is accounted for, as the upgrade could possibly increase the value. The valuation is also based on the market value of similar devices, referencing specific eBay listings.""
}"
28,"Hello! It's fantastic that you're evaluating the value of your three articulated monitor stands in fair condition. Let's delve into this together.
Estimated Value:
Based on current market trends, each articulated monitor stand in fair condition is estimated to be worth between $20 and $50. Therefore, for three stands, the total value would range from approximately $60 to $150.
Valuation Methodology:
This estimate considers several factors:
Condition: Monitor stands in fair condition, showing moderate wear but remaining functional, typically command moderate resale prices.
Brand and Model: High-end brands and models with advanced features can significantly increase resale value.
Market Listings: Analyzing similar items provides insight into current market valuations. For instance:
A used Humanscale dual monitor arm with bar is listed for $50.
OFR INC.
Another listing features a used Ergotron monitor arm with dual mounts, though the price is not specified.
NATIONAL OFFICE INTERIORS
Specific Example:
The listing for a used Humanscale dual monitor arm with bar priced at $50 serves as a comparable item, suggesting that similar monitor stands in fair condition may be valued around this range.
OFR INC.
I hope this information assists you in assessing the value of your articulated monitor stands. If you have further questions or need additional assistance, feel free to ask!
Sources","{
  ""low_value"": ""$20"",
  ""methodology"": ""The estimate takes into consideration three factors: the condition of the monitor stands, the brand and model of the stands, and the prices of similar items listed in the market.""
}"
29,"Hello! It's great that you're evaluating the value of your original Onewheel with a charger in poor condition. Let's explore this together.
Estimated Value:
Based on current market data, an original Onewheel in poor condition is estimated to be worth between $300 and $500.
Valuation Methodology:
This estimate considers several factors:
Condition: A poor condition indicates significant wear, potential functional issues, or the need for repairs, which can substantially decrease the resale value.
Model and Age: The original Onewheel model, being older, may not have the advanced features of newer models, affecting its current market value.
Market Listings: Analyzing similar items provides insight into current market valuations. For instance:
A used Onewheel Plus (not XR) with 369 miles is listed on eBay for $600.
EBAY
Another listing features a used Onewheel XR with 1004 miles, currently at $560 with active bidding.
EBAY
Specific Example:
The eBay listing for a used Onewheel Plus priced at $600 serves as a comparable item, suggesting that original Onewheel models in poor condition may be valued around $300 to $500.
EBAY
I hope this information assists you in assessing the value of your Onewheel. If you have further questions or need additional assistance, feel free to ask!
Sources","{
  ""low_value"": ""300"",
  ""methodology"": ""The valuation considers the condition of the Onewheel, its model and age, and also uses similar market listings to provide an estimate of value. A used Onewheel Plus priced at $600 on eBay was used as a comparable item to derive the value.""
}"
30,"Hello! It's great that you're evaluating the value of your Technics turntable in poor condition. Let's explore this together.
Estimated Value:
Based on current market data, a Technics turntable in poor condition is estimated to be worth between $50 and $100.
Valuation Methodology:
This estimate considers several factors:
Condition: Turntables in poor condition, exhibiting significant wear, damage, or requiring repairs, typically have a lower resale value. Buyers often seek items in better condition, and heavily worn turntables may necessitate refurbishing, further reducing their appeal.
Market Listings: Analyzing similar items provides insight into current market valuations. For instance:
A Technics SL-5 Direct Drive Linear Tracking Automatic Turntable, tested and sold on November 4, 2022, for $51.00.
VINTAGE TURNTABLE
Another listing features a Technics SL-1500 Direct Drive Turntable, used and sold on November 7, 2022, for $225.00.
VINTAGE TURNTABLE
Specific Example:
The listing for a Technics SL-5 Direct Drive Linear Tracking Automatic Turntable sold for $51.00 serves as a comparable item, suggesting that similar turntables in poor condition may be valued around this range.
VINTAGE TURNTABLE
I hope this information assists you in assessing the value of your Technics turntable. If you have further questions or need additional assistance, feel free to ask!
Sources","{
  ""low_value"": ""50"",
  ""methodology"": ""The valuation methodology takes into account multiple factors. These include the condition of the turntable, the immediate need for repairs, and how much wear and tear it has seen. Moreover, the method considers current market listings of similar projects, using them as a benchmark to derive the probable value of the item in question. For instance, reference is taken from a registered sale of a Technics SL-5 Direct Drive Linear Tracking Automatic Turntable sold for $51.00.""
}"
31,"Hello! It's commendable that you're evaluating the value of your miscellaneous electronics repair tools in poor condition. Let's explore this together.
Estimated Value:
Based on general guidelines for used tools, electronics repair tools in poor condition typically command a resale value of less than 10% of their original retail price.
IRONCLAD TOOLZ
Valuation Methodology:
This estimate considers several factors:
Condition: Tools in poor condition, especially those requiring repair or exhibiting significant wear, have a substantially reduced resale value. Buyers often seek functional tools, and those in disrepair may necessitate refurbishing, further diminishing their appeal.
IRONCLAD TOOLZ
Original Retail Price: The initial cost of the tools serves as a baseline for determining their current value. High-quality tools from reputable brands may retain slightly more value compared to lesser-known brands, even in poor condition.
Market Demand: The demand for specific electronics repair tools can influence their resale value. Specialized or rare tools may attract more interest, potentially increasing their value, while common tools may be less sought after.
Pricing Strategy:
Given the poor condition of the tools, pricing them below 10% of their original retail value is advisable. For instance, if a tool originally retailed for $100, its current value in poor condition would be less than $10. Bundling similar items or tools that complement each other can be an effective way to sell more while offering a deal.
IRONCLAD TOOLZ
Additional Considerations:
Brand and Quality: High-quality, well-maintained tools from reputable brands will fetch a higher price than those that are worn out or from lesser-known manufacturers.
IRONCLAD TOOLZ
Functionality: Ensure that any tools sold are safe to use, even if they are in poor condition. Non-functional tools may have little to no resale value and could be considered for donation or recycling.
I hope this information assists you in assessing the value of your electronics repair tools. If you have further questions or need additional assistance, feel free to ask!
Sources","{
  ""low_value"": ""$10"",
  ""methodology"": ""The valuation of the electronics repair tools considers several factors. These factors include the condition of the tools with tools in poor condition having substantially reduced resale value, the original retail price of the tools serving as a baseline for determining the current value, and the market demand for specific electronics repair tools influencing their resale value. The pricing strategy is to price the tools below 10% of the original retail value. Other considerations include the brand and quality of the tools and the functionality of the tools.""
}"
32,"Hello! It's fantastic that you're evaluating the value of your vinyl albums in fair condition. Let's delve into this together.
Estimated Value:
The value of vinyl records in fair condition can vary significantly, typically ranging from a few dollars to several hundred dollars per album. However, in fair condition, most records are likely to be valued at the lower end of this spectrum, often between $5 and $20 each.
Valuation Methodology:
Several factors influence the value of vinyl records:
Condition: The condition of a record is crucial in determining its value. The Goldmine Grading Guide is a universally accepted standard for assessing the condition of vinyl records, ranging from Mint (perfect) to Poor/Fair (damaged). A fair (F) grade indicates that the record is still playable but has not been properly cared for, with significant surface noise and scratches. Such records are generally of low value unless they are extremely rare.
DISCOGS
Rarity and Demand: Records that are rare and in high demand can command higher prices, even in less-than-ideal condition. Limited pressings, unique editions, or albums from iconic artists may still hold value despite fair condition.
Market Trends: The vinyl record market has seen a resurgence, with certain records becoming highly sought after. However, the condition remains a significant factor in pricing. For instance, a record valued at $100 in mint condition might only be worth 10% of that if in poor shape.
MUSIC PRICE GUIDE
Specific Example:
To provide a more accurate estimate, identifying specific albums in your collection is essential. For instance, The Beatles' ""White Album"" with a low serial number can be extremely valuable, even in fair condition. A copy with the serial number 0000007 was valued at £21,000.
THE SCOTTISH SUN
Additional Resources:
For a more precise valuation, consider using online resources like Discogs, which provides sales history and condition guidelines for vinyl records. By searching for specific albums, you can find recent sales data that reflect current market values.
DISCOGS
I hope this information assists you in assessing the value of your vinyl albums. If you have further questions or need additional assistance, feel free to ask!
Sources","{
  ""low_value"": ""$5"",
  ""methodology"": ""The value of vinyl records is determined based on several factors including the condition of the record, rarity and demand, and market trends. The Goldmine Grading Guide is often used to assess the condition or grading of the record. Discogs is a resource that provides sales history and condition guidelines for vinyl records, which can help in estimating the value of specific albums. Additionally, identifying specific albums in a vinyl collection can provide more accurate estimates.""
}"
33,"Hello! It's fantastic that you're evaluating the value of your 30-year-old CDs in good condition. Let's delve into this together.
Estimated Value:
The value of 30-year-old CDs in good condition can vary significantly, typically ranging from a few dollars to several hundred dollars per CD. However, most CDs from that era are likely to be valued between $5 and $20 each.
Valuation Methodology:
Several factors influence the value of CDs:
Condition: The condition of a CD is crucial in determining its value. Discs in better condition will sell for more than visibly used ones. It's important to assess the condition of the disc, case, and inserts, as all components contribute to the overall value.
POCKET-LINT
Rarity and Demand: CDs that are rare, out-of-print, or from popular artists can command higher prices. Limited editions, promotional copies, or CDs with unique artwork are particularly sought after by collectors.
DISCOGS
Market Trends: The resurgence of interest in physical media has led to increased demand for certain CDs. However, common releases may still hold minimal value. It's advisable to check online marketplaces to compare price points and determine the current market value of specific CDs.
POCKET-LINT
Specific Example:
To provide a more accurate estimate, identifying specific CDs in your collection is essential. For instance, promotional CDs of Wu-Tang Clan's ""Enter the Wu-Tang (36 Chambers)"" were issued in small quantities and can fetch over $1,000 among collectors.
WEALTH GANG
Additional Resources:
For a more precise valuation, consider using online resources like Discogs, which provides sales history and condition guidelines for CDs. By searching for specific albums, you can find recent sales data that reflect current market values.
DISCOGS
I hope this information assists you in assessing the value of your CD collection. If you have further questions or need additional assistance, feel free to ask!
Sources","{
  ""low_value"": ""$5"",
  ""methodology"": ""The value of CDs is determined by several factors: the condition of the CD, including the disc, case, and inserts; the rarity and demand, with rare, out-of-print CDs, popular artists, limited editions, promotional copies, or CDs with unique artwork being more valuable; and market trends that influence the demand for certain CDs. Checking online marketplaces like Discogs for price points and current market values of specific CDs is also advised.""
}"
34,"Hello! It's fantastic that you're evaluating the value of your Henckels chef's knives in good condition. Let's delve into this together.
Estimated Value:
Based on current market trends, pre-owned Henckels chef's knives in good condition typically resell for approximately $20 to $60 per knife.
Valuation Methodology:
This estimate considers several factors:
Condition: Knives in good condition, with minimal wear and well-maintained blades, are more appealing to buyers and can command higher prices.
Brand Reputation: Henckels is renowned for producing high-quality kitchen knives, which maintains their value well in the secondary market.
Market Listings: Analyzing similar items provides insight into current market valuations. For instance:
A pre-owned Zwilling J.A. Henckels 10"" Chef's Knife is listed on eBay for $24.99.
EBAY
Another listing features a used Zwilling J.A. Henckels 8"" Chef's Knife priced at $19.99.
EBAY
Specific Example:
The eBay listing for a pre-owned Zwilling J.A. Henckels 10"" Chef's Knife priced at $24.99 serves as a comparable item, suggesting that similar Henckels chef's knives in good condition may be valued around this range.
EBAY
I hope this information assists you in assessing the value of your Henckels chef's knives. If you have further questions or need additional assistance, feel free to ask!
Sources","{
  ""low_value"": ""$19.99"",
  ""methodology"": ""The valuation methodology takes into account factors like the condition of the knife, brand reputation, and market listings of similar items. Condition relates to how well the knife has been maintained, with less wear leading to higher value. For brand reputation, Henckels' high standing for quality assures market value. Market listings provide current market comparables. For instance, pre-owned Zwilling J.A. Henckels chef's knives are listed on eBay around $19.99 to $24.99.""
}"
35,"Hello! It's fantastic that you're evaluating the value of your Kai brand chef's knife in good condition. Let's delve into this together.
Estimated Value:
Based on current market trends, pre-owned Kai chef's knives in good condition typically resell for approximately $20 to $50 per knife.
Valuation Methodology:
This estimate considers several factors:
Condition: Knives in good condition, with minimal wear and well-maintained blades, are more appealing to buyers and can command higher prices.
Brand Reputation: Kai is renowned for producing high-quality kitchen knives, which maintains their value well in the secondary market.
Market Listings: Analyzing similar items provides insight into current market valuations. For instance:
A pre-owned KAI Kaicut Edges Ahead R80-10 Chef's Knife (10 inches) is listed on eBay for $24.99.
EBAY
Another listing features a used KAI Kaicut Edges Ahead 6"" Boning/Fillet Knife priced at $14.00.
EBAY
Specific Example:
The eBay listing for a pre-owned KAI Kaicut Edges Ahead R80-10 Chef's Knife priced at $24.99 serves as a comparable item, suggesting that similar Kai chef's knives in good condition may be valued around this range.
EBAY
I hope this information assists you in assessing the value of your Kai chef's knife. If you have further questions or need additional assistance, feel free to ask!
Sources","{
  ""low_value"": ""$20"",
  ""methodology"": ""The estimate considers the condition of the knife, the brand reputation of Kai, and current market listings of similar items.""
}"
36,"Hello! It's fantastic that you're evaluating the value of your countertop electric deli meat slicer in fair condition. Let's delve into this together.
Estimated Value:
Based on current market trends, a used countertop electric deli meat slicer in fair condition is estimated to be worth between $50 and $150.
Valuation Methodology:
This estimate considers several factors:
Condition: A fair condition indicates moderate wear and tear but remains functional. Devices in better condition typically command higher prices, while those in poorer condition may be valued lower.
Brand and Model: High-end brands and models with advanced features can significantly increase resale value. Conversely, generic or entry-level models may fall at the lower end of the value spectrum.
Market Listings: Analyzing similar items provides insight into current market valuations. For instance:
A vintage Hobart Model 410 Commercial Deli Meat Slicer in good condition is listed on eBay for $220.
EBAY
Another listing features a vintage Rival Model 1101E Food Slicer in good condition priced at $60.
EBAY
Specific Example:
The eBay listing for a vintage Rival Model 1101E Food Slicer priced at $60 serves as a comparable item, suggesting that similar countertop electric deli meat slicers in fair condition may be valued around this range.
EBAY
I hope this information assists you in assessing the value of your deli meat slicer. If you have further questions or need additional assistance, feel free to ask!
Sources","{
  ""low_value"": ""50"",
  ""methodology"": ""The valuation methodology uses several factors, including the condition of the item, the specific brand and model, and the comparison of market listings of similar items. Using these aspects, the valuation is determined.""
}"
37,"Hello! It's fantastic that you're evaluating the value of your Carnival King popcorn popper in fair condition. Let's delve into this together.
Estimated Value:
Based on current market trends, a used Carnival King popcorn popper in fair condition is estimated to be worth between $100 and $150.
Valuation Methodology:
This estimate considers several factors:
Condition: A fair condition indicates moderate wear and tear but remains functional. Devices in better condition typically command higher prices, while those in poorer condition may be valued lower.
Model and Specifications: Carnival King offers various models with different capacities and features. Higher-capacity models or those with additional features may have higher resale values.
Market Listings: Analyzing similar items provides insight into current market valuations. For instance:
A new Carnival King PM850 8 oz. Commercial Popcorn Machine is listed on eBay for $250.99.
EBAY
Another listing features a used Carnival King PM850 8 oz. Commercial Popcorn Machine priced at $220.43.
AMAZON
Specific Example:
The eBay listing for a new Carnival King PM850 8 oz. Commercial Popcorn Machine priced at $250.99 serves as a comparable item, suggesting that similar popcorn poppers in fair condition may be valued around $100 to $150.
EBAY
I hope this information assists you in assessing the value of your Carnival King popcorn popper. If you have further questions or need additional assistance, feel free to ask!
Sources","{
  ""low_value"": ""$100"",
  ""methodology"": ""The estimation of the value of the popcorn popper considered factors such as the condition of the popper, the model and specifications, and market listing prices of similar items. A specific example of a similar item listed on eBay was used as a reference for the valuation.""
}"
38,"Hello! It's fantastic that you're evaluating the value of your Mikasa Opus Black 5-piece place setting in good condition. Let's delve into this together.
Estimated Value:
Based on current market trends, a Mikasa Opus Black 5-piece place setting in good condition is estimated to be worth between $30 and $80.
Valuation Methodology:
This estimate considers several factors:
Condition: Items in good condition, with minimal wear and no chips or cracks, are more appealing to buyers and can command higher prices.
Market Listings: Analyzing similar items provides insight into current market valuations. For instance:
A new Mikasa Galleria Black Opus 5-piece place setting is listed on eBay for $58.00.
EBAY
Another listing features a new Mikasa Opus Black 5-piece place setting made in Japan (FK701) priced at $79.99.
EBAY
A pre-owned Mikasa Galleria Opus Black 5-piece place setting is listed on eBay for $29.97.
EBAY
Specific Example:
The eBay listing for a pre-owned Mikasa Galleria Opus Black 5-piece place setting priced at $29.97 serves as a comparable item, suggesting that similar place settings in good condition may be valued around this range.
EBAY
I hope this information assists you in assessing the value of your Mikasa Opus Black place setting. If you have further questions or need additional assistance, feel free to ask!
Sources","{
  ""low_value"": ""$30"",
  ""methodology"": ""The methodology involves assessing the condition of the item, analyzing similar items for insights into current market valuations based on both new and pre-owned listings of the same product on eBay, and using specific examples as a comparative measure for valuation.""
}"
39,"Hello! It's fantastic that you're evaluating the value of your Mikasa Opus Black coffee pot in good condition. Let's delve into this together.
Estimated Value:
Based on current market trends, a Mikasa Opus Black coffee pot with lid in good condition is estimated to be worth between $80 and $100.
Valuation Methodology:
This estimate considers several factors:
Condition: Items in good condition, with minimal wear and no chips or cracks, are more appealing to buyers and can command higher prices.
Market Listings: Analyzing similar items provides insight into current market valuations. For instance:
Replacements, Ltd. lists a Mikasa Opus Black coffee pot with lid for $99.95.
REPLACEMENTS.COM
An eBay listing features a Mikasa Galleria FK701 Opus Black coffee pot priced at $33.95.
EBAY
Specific Example:
The Replacements, Ltd. listing for a Mikasa Opus Black coffee pot with lid priced at $99.95 serves as a comparable item, suggesting that similar coffee pots in good condition may be valued around this range.
REPLACEMENTS.COM
I hope this information assists you in assessing the value of your Mikasa Opus Black coffee pot. If you have further questions or need additional assistance, feel free to ask!
Sources","{
  ""low_value"": ""33.95"",
  ""methodology"": ""Assessment based on the item's condition and market listings comparison. More specifically, the similarities in condition and pricing of similar items listed on Replacements, Ltd. and eBay were taken into account.""
}"
40,"Hello! It's fantastic that you're evaluating the value of your Mikasa Opus Black serving platter in good condition. Let's delve into this together.
Estimated Value:
Based on current market trends, a Mikasa Opus Black serving platter in good condition is estimated to be worth between $50 and $120.
Valuation Methodology:
This estimate considers several factors:
Condition: Items in good condition, with minimal wear and no chips or cracks, are more appealing to buyers and can command higher prices.
Market Listings: Analyzing similar items provides insight into current market valuations. For instance:
Replacements, Ltd. lists a 14"" Oval Serving Platter in the Opus Black pattern for $119.95.
REPLACEMENTS.COM
An eBay listing features a Mikasa Galleria Opus Black Serving Platter measuring 12 3/4"" priced at $49.95.
EBAY
Another eBay listing offers a Mikasa Galleria Opus Black 14"" Oval Serving Platter with a starting bid of $25.00.
EBAY
Specific Example:
The Replacements, Ltd. listing for a 14"" Oval Serving Platter priced at $119.95 serves as a comparable item, suggesting that similar serving platters in good condition may be valued around this range.
REPLACEMENTS.COM
I hope this information assists you in assessing the value of your Mikasa Opus Black serving platter. If you have further questions or need additional assistance, feel free to ask!
Sources","{
  ""low_value"": ""$25.00"",
  ""methodology"": ""Estimate of pricing is determined based on factors such as the condition of the item, and analysis of current market listings (% places and prices listed). A specific 14\"" Oval Serving Platter listing on Replacements, Ltd. was used as a comparable item to give an idea of the market price.""
}"
41,"Hello! It's fantastic that you're evaluating the value of your Mikasa Opus Black coffee mug in good condition. Let's delve into this together.
Estimated Value:
Based on current market trends, a Mikasa Opus Black coffee mug in good condition is estimated to be worth between $8 and $20.
Valuation Methodology:
This estimate considers several factors:
Condition: Items in good condition, with minimal wear and no chips or cracks, are more appealing to buyers and can command higher prices.
Market Listings: Analyzing similar items provides insight into current market valuations. For instance:
A set of 2 Mikasa Galleria FK701 Opus Black mugs is listed on eBay for $39.99, equating to approximately $20 per mug.
EBAY
Another eBay listing offers a set of 4 Mikasa Galleria Black Opus coffee mugs for $49.99, which is about $12.50 per mug.
EBAY
An individual Mikasa Galleria FK701 Opus Black 8 oz. coffee cup is listed on eBay for $9.00.
EBAY
Specific Example:
The eBay listing for a set of 2 Mikasa Galleria FK701 Opus Black mugs priced at $39.99 serves as a comparable item, suggesting that similar coffee mugs in good condition may be valued around $20 per mug.
EBAY
I hope this information assists you in assessing the value of your Mikasa Opus Black coffee mug. If you have further questions or need additional assistance, feel free to ask!
Sources","{
  ""low_value"": ""$8"",
  ""methodology"": ""The estimation of the value for the Mikasa Opus Black coffee mug is based on its good condition and analysis of similar items currently listed on the market. The listings analyzed are mainly from eBay, where similar items are priced, and the average per mug cost is calculated.""
}"
42,"Hello! It's fantastic that you're evaluating the value of your miscellaneous LEGO pieces in poor condition. Let's delve into this together.
Estimated Value:
Based on current market trends, miscellaneous LEGO pieces in poor condition typically sell for approximately $1 to $3 per pound.
Valuation Methodology:
This estimate considers several factors:
Condition: LEGO pieces in poor condition—those that are dirty, damaged, or mixed with non-LEGO elements—tend to be less desirable to buyers, resulting in lower resale values.
MY BRICK LAB
Market Listings: Analyzing similar items provides insight into current market valuations. For instance:
BrickLAB, a LEGO resale store, indicates that bulk LEGO in bad condition, mixed with other toy brands, and lacking minifigures is valued at approximately $1 per pound.
MY BRICK LAB
BuyBackWorld, an online buyback platform, offers to purchase used LEGO bricks by the pound, with the per-pound offer varying based on condition and authenticity.
BUYBACK WORLD
Specific Example:
BrickLAB's valuation of $1 per pound for bulk LEGO in poor condition serves as a comparable benchmark, suggesting that similar collections may be valued around this range.
MY BRICK LAB
I hope this information assists you in assessing the value of your miscellaneous LEGO pieces. If you have further questions or need additional assistance, feel free to ask!
Sources","{
  ""low_value"": ""$1"",
  ""methodology"": ""The estimated value considers various factors such as condition of the LEGO pieces, market listings of similar items, and specific case examples, like BrickLAB's valuation of bulk LEGO in poor condition. Condition refers to the pieces being dirty, damaged, or mixed with non-LEGO elements. Comparable market listings, like BrickLAB and BuyBackWorld, provide a reference point for current market values.""
}"
43,"Hello! It's fantastic that you're evaluating the value of your miscellaneous out-of-box action figures in fair condition. Let's delve into this together.
Estimated Value:
Based on current market trends, loose action figures in fair condition typically sell for approximately $5 to $20 per figure. However, this range can vary significantly depending on factors such as rarity, demand, and specific character or toy line.
Valuation Methodology:
This estimate considers several factors:
Condition: Fair condition indicates noticeable wear, such as paint loss, loose joints, or minor damage. Collectors often seek items in better condition, which can affect resale value.
THE SPRUCE CRAFTS
Rarity and Demand: Figures from popular or limited toy lines, especially those from the 1980s and 1990s, may command higher prices due to collector interest.
SUB ZERO COMICS
Market Listings: Analyzing similar items provides insight into current market valuations. For instance:
A loose vintage G.I. Joe action figure from the 1980s in fair condition may sell for around $10 to $15.
A loose Masters of the Universe He-Man figure in similar condition might fetch between $15 and $20.
Specific Example:
The iGuide Action Figure Price Guide offers detailed information on various action figures, including loose items in varying conditions. For example, a loose Star Wars Luke Skywalker action figure from 1977 in fair condition is listed with an estimated value of $12.
IGUIDE
I hope this information assists you in assessing the value of your action figures. If you have further questions or need additional assistance, feel free to ask!
Sources","{
  ""low_value"": ""$5"",
  ""methodology"": ""The valuation methodology considers the condition of the action figures, their rarity and demand, and analyzes similar items currently in the market. For condition, it takes into account noticeable wear such as paint loss, loose joints or minor damage. Rarity and demand insight is formed based on popularity or limit of the toy line. Market listings are studied for comparable items to get insight on current market valuations.""
}"
44,"Hello! It's fantastic that you're evaluating the value of your miscellaneous out-of-box collectible toys in poor condition. Let's delve into this together.
Estimated Value:
Based on current market trends, out-of-box collectible toys in poor condition typically sell for approximately 10% to 30% of their original retail price. However, this range can vary significantly depending on factors such as rarity, demand, and specific toy line.
Valuation Methodology:
This estimate considers several factors:
Condition: Poor condition indicates significant wear, damage, or missing parts, which substantially decreases a toy's value. Collectors often seek items in better condition, making poorly maintained toys less desirable.
WHEELJACK'S LAB
Rarity and Demand: Even in poor condition, rare or highly sought-after toys may retain some value due to collector interest. Conversely, common toys may have minimal value when in poor condition.
BODNAR'S AUCTION
Market Listings: Analyzing similar items provides insight into current market valuations. For instance:
A vintage Star Wars action figure missing accessories and showing significant wear might sell for around $5 to $10.
A heavily played-with Transformers figure with broken parts may fetch between $10 and $20, depending on the model's rarity.
Specific Example:
A recent auction featured a pre-World War II Dinky Toy van in battered condition, which sold for approximately £2,400 due to its rarity and nostalgic appeal. This example illustrates that even toys in poor condition can command high prices if they are exceptionally rare or hold significant historical value.
THE SUN
I hope this information assists you in assessing the value of your collectible toys. If you have further questions or need additional assistance, feel free to ask!
Sources","{
  ""low_value"": ""$5"",
  ""methodology"": ""The estimation considers condition of the toy, its rarity, demand in the market, and the price of similar items. Poor condition indicates significant wear, damage, or missing parts, which substantially decreases a toy's value. Rare or highly sought-after toys may retain some value due to collector interest even if in poor condition. The current market price is determined by analyzing similar items listed for sale.""
}"
45,"Pictures of family members, including your mother, hold immense sentimental value, which makes their worth subjective and highly personal. However, from a resale or market perspective, personal photographs of individuals without notable public significance typically do not have monetary value unless they hold historical or artistic interest. Here's a breakdown:
Value Estimate
Monetary Value: Typically $0 for personal or family photos unless they hold significant historical or artistic relevance.
Sentimental Value: Priceless, as they represent cherished memories and emotional connections.
Description of Valuation
Market Relevance:
Personal photographs rarely have monetary value unless tied to public figures, historical events, or notable artwork.
Examples include antique photos from the 1800s or early 1900s, which are sought after by collectors if they depict rare cultural, historical, or artistic themes.
Condition:
Poor condition, such as tears, fading, or discoloration, further reduces potential market value.
However, modern tools like photo restoration services can help restore the image digitally, increasing its emotional worth.
Historical/Artistic Interest:
If the photograph depicts a significant event, location, or time period, it might appeal to collectors or historians.
Specific Example
Old Photographs for Sale:
A vintage 19th-century cabinet card with historical relevance can sell for $10 to $50, depending on rarity and condition. (ebay.com)
For personal images of your mother, the focus should be on preservation and restoration. Services like Restore Old Photos or local photo restoration experts can bring these cherished images back to life.
Let me know if you'd like help finding tools or tips for restoring your photos!","{
  ""low_value"": ""$0"",
  ""methodology"": ""The value of personal or family photos is assessed based on their market relevance (are they linked to notable public figures, historical events, or art?), condition (are they suffering from any damage that would devalue them?), and historical or artistic interest (do they capture a significant event or artistic themes?). If they tick these boxes, they could have monetary value. However, common personal or family photos without these attributes typically do not have significant monetary value.""
}"
46,"Hello! It's fantastic that you're evaluating the value of your juggling toys and backpack in poor condition. Let's delve into this together.
Estimated Value:
Juggling Toys: In poor condition, miscellaneous juggling equipment may have minimal resale value, often less than $10 for the entire set.
Backpack: A used backpack in poor condition typically holds a resale value between $5 and $15, depending on the brand and functionality.
Valuation Methodology:
This estimate considers several factors:
Condition: Items in poor condition—those with significant wear, damage, or missing parts—are less appealing to buyers, resulting in lower resale values.
Market Listings: Analyzing similar items provides insight into current market valuations. For instance:
Juggling Equipment: A listing for used juggling clubs on eBay shows prices starting around $10, but condition and completeness significantly affect value.
EBAY
Backpacks: Used backpacks in varying conditions are listed on eBay, with prices ranging from $5 to $20, depending on brand and condition.
EBAY
Specific Example:
An eBay listing for a used Columbia backpack in poor condition is priced at $18.00, suggesting that similar items may be valued around this range.
EBAY
I hope this information assists you in assessing the value of your juggling toys and backpack. If you have further questions or need additional assistance, feel free to ask!
Sources","{
  ""low_value"": ""$5"",
  ""methodology"": ""The estimate considers multiple factors - the condition of the item, market listings, and the price of similar items. For the condition, items in poor conditions are less appealing to buyers, thus have lower resale values. Market listings provide insight into current market valuations. The price of similar items helps to gauge an approximate value.""
}"
47,"Hello! It's fantastic that you're evaluating the value of your 1978 Nishiki bicycle and stand in poor condition. Let's delve into this together.
Estimated Value:
1978 Nishiki Bicycle: In poor condition, vintage Nishiki bicycles typically have a resale value ranging from $50 to $100.
Bicycle Stand: An antique or vintage bicycle stand in poor condition may be valued between $10 and $30, depending on its type and rarity.
Valuation Methodology:
This estimate considers several factors:
Condition: Items in poor condition—those with significant wear, rust, or missing parts—are less appealing to buyers, resulting in lower resale values.
Market Listings: Analyzing similar items provides insight into current market valuations. For instance:
Nishiki Bicycles: Vintage Nishiki bikes in good condition are often listed between $100 and $200. Given the poor condition of your bicycle, the value would be considerably lower.
FRUGAL AVERAGE BICYCLIST
Bicycle Stands: Vintage bicycle stands in varying conditions are listed on eBay, with prices ranging from $15 to $50. In poor condition, the value would be on the lower end of this spectrum.
EBAY
Specific Example:
A vintage bicycle stand in good condition is listed on eBay for $14.99. In poor condition, a similar stand might be valued around $10.
EBAY
I hope this information assists you in assessing the value of your 1978 Nishiki bicycle and stand. If you have further questions or need additional assistance, feel free to ask!
Sources","{
  ""low_value"": ""10"",
  ""methodology"": ""The estimate considers several factors such as the condition of the items, market listings where similar items' values are analyzed, and specific examples from marketplaces like eBay.""
}"
48,"Hello! It's fantastic that you're evaluating the value of your snowboard in poor condition. Let's delve into this together.
Estimated Value:
Based on current market trends, a used snowboard in poor condition typically sells for approximately $50 to $100.
Valuation Methodology:
This estimate considers several factors:
Condition: Significant wear, damage, or outdated technology can substantially decrease a snowboard's value. Boards in poor condition are less appealing to buyers, resulting in lower resale prices.
Brand and Model: High-end brands or sought-after models may retain more value, even in poor condition. Conversely, lesser-known brands may have minimal resale value when heavily used.
Market Listings: Analyzing similar items provides insight into current valuations. For instance:
A used 2016 RIDE Manic Snowboard (152cm) in fair condition is listed on eBay with a starting bid of $125. In poorer condition, the value would likely be lower.
EBAY
Another listing features a used Burton LTR Snowboard (150 cm) priced at $109.99. Again, boards in poorer condition would fetch a lower price.
EBAY
Specific Example:
A used 2016 RIDE Manic Snowboard (152cm) in fair condition is listed on eBay with a starting bid of $125. In poor condition, a similar board might be valued around $50 to $75.
EBAY
I hope this information assists you in assessing the value of your snowboard. If you have further questions or need additional assistance, feel free to ask!
Sources","{
  ""low_value"": ""50"",
  ""methodology"": ""The estimated value of the used snowboard in poor condition considers factors such as the condition of the board, the brand and model, and current market listings. Examples of similar items listed online are analyzed to provide insight into market valuations. For instance, a used 2016 RIDE Manic Snowboard in fair condition on eBay was starting at a bid of $125, and it was estimated a similar board in poor condition might be worth around $50 to $75.""
}"
49,"Hello! It's fantastic that you're evaluating the value of your snowboard helmet in poor condition. Let's delve into this together.
Estimated Value:
Based on current market trends, a snowboard helmet in poor condition typically has minimal resale value, often ranging from $5 to $20.
Valuation Methodology:
This estimate considers several factors:
Condition: Helmets in poor condition—those with significant wear, damage, or outdated safety standards—are less appealing to buyers and may not meet current safety regulations, substantially decreasing their value.
Market Listings: Analyzing similar items provides insight into current valuations. For instance:
A used Giro G10 Snowboard Ski Helmet in fair condition is listed on eBay with bids starting around $12.50.
EBAY
Another listing features a used Smith Holt Matte Black Ski Helmet in good condition priced at $29.99.
EBAY
Specific Example:
A used Giro G10 Snowboard Ski Helmet in fair condition is listed on eBay with bids starting at $12.50, suggesting that similar helmets in poor condition may be valued around $5 to $10.
EBAY
I hope this information assists you in assessing the value of your snowboard helmet. If you have further questions or need additional assistance, feel free to ask!
Sources","{
  ""low_value"": ""5"",
  ""methodology"": ""The estimate for the value of a snowboard helmet in poor condition considers factors such as condition of the helmet, market listings of similar items, and specific examples of similar items sold. Condition refers to significant wear, damage, or outdated safety standards that may devalue the item and make it less appealing to buyers. Market listings are analyzed to understand current valuations. Specific examples of items sold provide insights into potential pricing.""
}"
50,"Hello! It's fantastic that you're evaluating the value of your 1968 Fender Jazzmaster guitar and soft case in poor condition. Let's delve into this together.
Estimated Value:
Based on current market trends, a 1968 Fender Jazzmaster in poor condition, accompanied by a soft case, is estimated to be worth between $2,000 and $4,000.
Valuation Methodology:
This estimate considers several factors:
Condition: Poor condition indicates significant wear, damage, or non-original parts, which can substantially decrease a vintage guitar's value.
Market Listings: Analyzing similar items provides insight into current valuations. For instance:
A 1968 Fender Jazzmaster in fair condition was listed on Reverb.com, suggesting that instruments from this era hold considerable value despite wear.
REVERB
Vintage guitar forums discuss the importance of condition and originality, noting that these factors can mean the difference between a guitar being worth thousands or just hundreds of dollars.
OFFSET GUITARS
Specific Example:
A 1968 Fender Jazzmaster in sunburst finish was listed on Reverb.com, indicating that similar models in varying conditions are sought after by collectors.
REVERB
I hope this information assists you in assessing the value of your 1968 Fender Jazzmaster and soft case. If you have further questions or need additional assistance, feel free to ask!
Sources","{
  ""low_value"": ""2000"",
  ""methodology"": ""The estimation of the value considers a few factors such as the condition of the guitar which includes wear, damage, or non-originality of parts that can reduce its value substantially. The valuation uses market listings for getting insights into the current valuations. A specific example of the same model listed on Reverb.com is also considered for this estimation.""
}"
51,"Hello! It's fantastic that you're evaluating the value of your 1968 Fender amplifier in poor condition. Let's delve into this together.
Estimated Value:
Based on current market trends, a 1968 Fender amplifier in poor condition is estimated to be worth between $500 and $1,000.
Valuation Methodology:
This estimate considers several factors:
Condition: Poor condition indicates significant wear, potential functional issues, or non-original parts, which can substantially decrease an amplifier's value.
Model Specifics: The exact model (e.g., Twin Reverb, Super Reverb, Deluxe Reverb) significantly influences value. For instance, a 1968 Fender Twin Reverb in good condition was listed for $1,000.
REVERB
Market Listings: Analyzing similar items provides insight into current valuations. For example:
A 1968 Fender Super Reverb in good condition was listed for $1,350.
REVERB
A 1968 Fender Deluxe Reverb Solid State amp in excellent condition was listed for $600.
REVERB
Specific Example:
A 1968 Fender Twin Reverb amplifier in good condition was listed on Reverb.com for $1,000. In poor condition, a similar amplifier might be valued around $500 to $700.
REVERB
I hope this information assists you in assessing the value of your 1968 Fender amplifier. If you have further questions or need additional assistance, feel free to ask!
Sources","{
  ""low_value"": ""$500"",
  ""methodology"": ""The valuation considers factors such as condition, model specifics, and market listings. Poor condition means substantial wear, functional issues, and non-original parts, which decrease the amplifier's value. The exact model like Twin Reverb, Super Reverb, Deluxe Reverb, heavily affects the price. Analyzing similar items in the market gives an insight into current valuations.""
}"
52,"Hello! It's fantastic that you're evaluating the value of your snowboard bag with clothing in poor condition. Let's delve into this together.
Estimated Value:
Snowboard Bag: In poor condition, a used snowboard bag typically has a resale value ranging from $10 to $30.
Snowboard Clothing: Used snowboard apparel in poor condition generally holds minimal resale value, often between $5 to $20 per item, depending on the brand and type of clothing.
Valuation Methodology:
This estimate considers several factors:
Condition: Items in poor condition—those with significant wear, tears, or damage—are less appealing to buyers, resulting in lower resale values.
Market Listings: Analyzing similar items provides insight into current market valuations. For instance:
Snowboard Bags: Used snowboard bags in varying conditions are listed on platforms like eBay, with prices ranging from $10 to $50. In poor condition, the value would be on the lower end of this spectrum.
EBAY
Snowboard Apparel: Pre-owned snowboard clothing items, such as jackets and pants, are available on resale sites like SidelineSwap, with prices varying based on condition and brand. Items in poor condition are likely to fetch lower prices.
SIDELINE SWAP
Specific Example:
A used Burton snowboard bag in fair condition is listed on SidelineSwap for $35. In poor condition, a similar bag might be valued around $10 to $20.
SIDELINE SWAP
I hope this information assists you in assessing the value of your snowboard bag and clothing. If you have further questions or need additional assistance, feel free to ask!
Sources","{
  ""low_value"": ""$5"",
  ""methodology"": ""The estimate for the resale value of the items was determined by considering factors such as the item's condition and market listings on resale platforms like eBay and SidelineSwap. The prices of similar items listed in different conditions were analyzed to provide an estimation of value for the items in poor condition.""
}"
53,"Hello! It's fantastic that you're evaluating the value of your banjo and case in poor condition. Let's delve into this together.
Estimated Value:
Based on current market trends, a banjo in poor condition, along with its case, typically has a resale value ranging from $50 to $200.
Valuation Methodology:
This estimate considers several factors:
Condition: Significant wear, damage, or missing parts can substantially decrease a banjo's value. Instruments in poor condition are less appealing to buyers, resulting in lower resale prices.
Brand and Model: High-end or vintage brands may retain more value, even in poor condition. Conversely, lesser-known brands may have minimal resale value when heavily used.
Market Listings: Analyzing similar items provides insight into current valuations. For instance:
A vintage S.S. Stewart banjo in very poor condition was appraised at approximately $200, indicating that even heavily worn instruments can retain some value, especially if they are vintage or from reputable makers.
BANJO HANGOUT
Used banjos in varying conditions are listed on eBay, with prices ranging from $80 to $500, depending on brand, age, and condition.
EBAY
Specific Example:
A 1970s Lida Five-String Banjo in good used condition, requiring cleaning and re-stringing, was listed with a case, suggesting that similar instruments in better condition can command higher prices.
MARKS 4 ANTIQUES
I hope this information assists you in assessing the value of your banjo and case. If you have further questions or need additional assistance, feel free to ask!
Sources","{
  ""low_value"": ""$50"",
  ""methodology"": ""The valuation took into consideration several factors such as the condition of the banjo, the brand and model, and the market listings of similar items to gain insight into current valuations. The condition of the banjo significantly affects the value, with heavily worn or damaged instruments being less appealing to buyers. Brand recognition and reputation also play a vital role - high-end or vintage brands may retain more value in poor condition, compared to lesser-known brands. Lastly, observing and analyzing similar items on the market helps in providing a more accurate valuation.""
}"
54,"Hello! It's fantastic that you're evaluating the value of your 2002 mower deck with a 12hp Briggs & Stratton engine in poor condition. Let's delve into this together.
Estimated Value:
Based on current market trends, a 2002 riding lawn mower equipped with a 12hp Briggs & Stratton engine in poor condition is estimated to be worth between $50 and $150.
Valuation Methodology:
This estimate considers several factors:
Age and Depreciation: Lawn mowers typically have a useful lifespan of about 7 years. Given that this mower is over two decades old, it has significantly depreciated. Older mowers generally have lower resale values due to advancements in technology and efficiency in newer models.
Condition: Poor condition indicates significant wear, potential mechanical issues, or the need for repairs. This status substantially decreases the mower's value, as buyers anticipate additional costs to restore functionality.
Market Listings: Analyzing similar items provides insight into current valuations. For instance:
A Power Pro Riding Lawn Mower with a 12hp Briggs & Stratton engine and a 38-inch deck in very good condition was listed for $285. In poor condition, a similar mower would likely be valued significantly lower.
YAKIMA AMERICANLISTED
A discussion on My Tractor Forum mentions that riding mowers in poor condition are often considered ""parts tractors"" and may not hold significant value unless restored.
MY TRACTOR FORUM
Specific Example:
A Power Pro Riding Lawn Mower with a 12hp Briggs & Stratton engine and a 38-inch deck in very good condition was listed for $285. In poor condition, a similar mower might be valued around $50 to $100.
YAKIMA AMERICANLISTED
I hope this information assists you in assessing the value of your 2002 mower deck with a 12hp Briggs & Stratton engine. If you have further questions or need additional assistance, feel free to ask!
Sources","{
  ""low_value"": ""50"",
  ""methodology"": ""The estimate of the mower's value takes into account factors such as the age and depreciation of the mower, its poor condition indicating significant wear potentially needing repairs, and the analysis of similar items' current valuations on the market. Specifically, referencing the price of a Power Pro Riding Lawn Mower with a 12hp Briggs & Stratton engine and a 38-inch deck in very good condition listed for $285, it was determined that a similar mower in poor condition would be valued significantly lower.""
}"
55,"Hello! It's fantastic that you're evaluating the value of your 1998 Kawasaki Mule in poor condition. Let's delve into this together.
Estimated Value:
Based on current market data, a 1998 Kawasaki Mule in poor condition is estimated to be worth between $400 and $800.
Valuation Methodology:
This estimate considers several factors:
Condition: Vehicles in poor condition—those with significant wear, mechanical issues, or cosmetic damage—are less appealing to buyers, resulting in lower resale values.
Model Specifics: The exact model (e.g., Mule 2510 4x4, Mule 550) significantly influences value. For instance, a 1998 Kawasaki KAF620A4 Mule 2510 4x4 in fair condition is valued at $815, while the same model in good condition is valued at $1,750.
J.D. POWER
Market Listings: Analyzing similar items provides insight into current valuations. For example:
A 1998 Kawasaki Mule 2WD in poor condition, with rust and dents, was auctioned with a total price of $577.70.
GOVDEALS
A 1998 Kawasaki Mule 550 was listed for auction, indicating that similar models are available in the resale market.
GOVDEALS
Specific Example:
A 1998 Kawasaki Mule 2WD in poor condition, exhibiting rust and dents, was auctioned with a total price of $577.70.
GOVDEALS
I hope this information assists you in assessing the value of your 1998 Kawasaki Mule. If you have further questions or need additional assistance, feel free to ask!
Sources","{
  ""low_value"": ""400"",
  ""methodology"": ""This valuation estimate evaluates several components such as the condition of the vehicle, specific model details, and the analysis of similarly listed items on the market.""
}"
